Shorts,Pants,Mixed,Tops,Jacket,Jumpsuit,Bottom,Hoodie,Cloak,Dress
Cutoffs,Capris,,Blouse,Blazer,Jumpsuit,Sarong,Anorak,Cape,Caftan
Shorts,Chinos,,Button-Down,Bomber,Onesie,Skirt,Hoodie,Coat,Dress
Sweatshorts,Culottes,,Flannel,Cardigan,Romper,,Parka,,Kaftan
Trunks,Gauchos,,Halter,Jacket,,,,,Kimono
,Jeans,,Henley,Peacoat,,,,,Robe
,Jeggings,,Jersey,,,,,,Shirtdress
,Jodhpurs,,Poncho,,,,,,Sundress
,Joggers,,Sweater,,,,,,
,Leggings,,Tank,,,,,,
,Sweatpants,,Tee,,,,,,
,,,Top,,,,,,
,,,Turtleneck,,,,,,
