Shorts,Pants,Mixed,Tops,Jacket,Jumpsuit,Bottom,Hoodie,
"Cargos, Shorts & 3/4ths",DOLZ Women's Clothing,Ethnic Wear >> Sets,Men's Clothing >> Ethnic Wear >> Shirts,Formal Wear >> Blazers,Fusion Wear >> Dresses & Skirts >> Jumpsuit,Western Wear >> Dresses & Skirts >> Skirts,Winter & Seasonal Wear >> Windcheaters,
Fusion Wear >> Jeans & Shorts >> Shorts,Ethnic Wear >> Ethnic Bottoms,Girls Wear >> Dresses & Skirts,Formal Wear >> Shirts,Fusion Wear >> Shrugs & Jackets,Girls Wear >> Dungarees & Jumpsuits >> Jumpsuits,,Winter & Seasonal Wear >> Pullovers,
Girls Wear >> Shorts & Capris >> Shorts,fourgee Slim Fit Boy's Blue Jeans,Suits & Blazers >> Suits,"Fusion Wear >> Shirts, Tops & Tunics",Fusion Wear >> Winter & Seasonal Wear,Girls Wear >> Dungarees & Jumpsuits >> Dungarees,,,
"Women's Clothing >> Lingerie, Sleep & Swimwear >> Shorts",fourgee Women's Clothing,Western Wear >> Dresses & Skirts >> Dresses,Girls Wear >> T-Shirts & Tops,Girls Wear >> Winter & Seasonal Wear >> Jackets,,,,
Sports & Gym Wear >> Shorts,Fusion Wear >> Leggings & Jeggings,,Girls Wear >> Winter & Seasonal Wear >> Sweatshirts,Sports Wear >> Jackets,,,,
Western Wear >> Jeans & Shorts >> Shorts,Fusion Wear >> Ethnic Bottoms,,Men's Clothing >> Shirts,Suits & Blazers >> Blazers,,,,
,Fusion Wear >> Trousers & Capris,,Sports & Gym Wear >> T-Shirts,Western Wear >> Shrugs & Jackets,,,,
,Fusion Wear >> Jeans & Shorts >> Jeans,,Sports & Gym Wear >> Track Tops,Winter & Seasonal Wear >> Cardigans,,,,
,Girls Wear >> Winter & Seasonal Wear >> Thermals,,Sports Wear >> Track Tops, Winter & Seasonal Wear >> Coats,,,,
,Girls Wear >> Jeans,,Men's Clothing >> T-Shirts,Winter & Seasonal Wear >> Jackets,,,,
,Girls Wear >> Trousers & Cargos,,"Western Wear >> Shirts, Tops & Tunics",Winter & Seasonal Wear >> Shrugs & Jackets,,,,
,Girls Wear >> Sports Wear >> Track Pants,,Winter & Seasonal Wear >> Sweatshirts,,,,,
,Girls Wear >> Leggings & Jeggings,,Winter & Seasonal Wear >> Sweaters & Pullovers,,,,,
,Men's Clothing >> Jeans,,Winter & Seasonal Wear >> Sweaters,,,,,
,Women's Clothing >> Leggings & Jeggings,,,,,,,
,Sports & Gym Wear >> Track Pants,,,,,,,
,Sports Wear >> Track Pants,,,,,,,
,Men's Clothing >> Trousers,,,,,,,
,Western Wear >> Leggings & Jeggings,,,,,,,
,Western Wear >> Trousers & Capris,,,,,,,
,Western Wear >> Jeans & Shorts >> Jeans,,,,,,,
